,id,first_name,last_name,email,gender,ip_address,city
1,2,Freida,Drillingcourt,fdrillingcourt1@umich.edu,Female,97.212.102.79,Buri
2,3,Nanni,Herity,nherity2@statcounter.com,Female,145.151.178.98,Claver
4,5,Julianne,Murrison,jmurrison4@cbslocal.com,Female,10.186.243.144,Sainte-Luce-sur-Loire
5,6,Lucy,Gamet,lgamet5@list-manage.com,Female,10.151.93.36,Pak Phli
6,7,Dyana,Howatt,dhowatt6@amazon.com,Female,224.169.61.29,Palmares
7,8,Kassey,Herion,kherion7@amazon.com,Female,245.51.154.79,Zákynthos
10,11,Felicdad,Tarr,ftarra@shareasale.com,Female,145.203.98.173,Salamnunggal
14,15,Alvera,Jepp,ajeppe@umich.edu,Female,202.150.229.139,New Sibonga
16,17,Nariko,Clunie,nclunieg@utexas.edu,Female,237.85.98.58,Umuarama
18,19,Isa,Boycott,iboycotti@dailymail.co.uk,Female,48.82.184.239,Kalix
19,20,Benedetta,Glanert,bglanertj@timesonline.co.uk,Female,209.194.38.175,Tianxin
22,23,Gillie,Roantree,groantreem@nba.com,Female,240.133.255.198,Lirung
24,25,Sarina,Choulerton,schoulertono@wisc.edu,Female,73.36.0.165,Íquira
26,27,Danita,Aldrin,daldrinq@wired.com,Female,98.171.121.136,Bringinanom
28,29,Merralee,Lampel,mlampels@a8.net,Female,131.52.216.81,West Hartford
29,30,Charyl,Halstead,chalsteadt@amazon.de,Female,20.219.12.180,Las Vegas
37,38,Jeanelle,VanBrugh,jvanbrugh11@cocolog-nifty.com,Female,59.112.24.10,Weifen
38,39,Hetty,Lightollers,hlightollers12@comsenz.com,Female,199.246.118.133,Château-Richer
39,40,Elmira,Goodhand,egoodhand13@tripadvisor.com,Female,83.5.248.21,Nytva
44,45,Honey,Crenshaw,hcrenshaw18@github.io,Female,200.207.16.70,Nanyue
45,46,Karmen,Soppitt,ksoppitt19@cdc.gov,Female,21.73.69.9,Anseong
47,48,Angelina,Stranio,astranio1b@latimes.com,Female,215.130.119.210,Chitral
48,49,Lilla,Erni,lerni1c@dailymotion.com,Female,244.94.188.95,Jiannan
52,53,Lorne,Smouten,lsmouten1g@noaa.gov,Female,84.97.70.93,Nice
56,57,Deb,Endicott,dendicott1k@buzzfeed.com,Female,29.187.172.187,Gamagōri
57,58,Morna,Masse,mmasse1l@vkontakte.ru,Female,245.114.22.71,Itaparica
60,61,Harrietta,Northey,hnorthey1o@hostgator.com,Female,165.48.131.46,Columbus
61,62,Cariotta,Le Breton De La Vieuville,clebretondelavieuville1p@sfgate.com,Female,218.154.55.94,Guanqian
62,63,Lisetta,Allbones,lallbones1q@reddit.com,Female,240.28.254.181,Higetegera
63,64,Danielle,Jeduch,djeduch1r@ovh.net,Female,26.236.61.218,Dadiharja
66,67,Salomi,Pinnock,spinnock1u@hc360.com,Female,20.234.128.32,Venda
67,68,Lurlene,Snazel,lsnazel1v@smh.com.au,Female,244.2.252.88,Hitiaa
68,69,Penni,Sells,psells1w@booking.com,Female,245.53.159.172,Asahi
69,70,Stormie,Dougal,sdougal1x@cbc.ca,Female,63.157.30.92,Woniuhe
72,73,Cherey,Dorricott,cdorricott20@cbslocal.com,Female,198.238.41.228,Batabanó
74,75,Karil,Hefford,khefford22@t.co,Female,238.187.151.199,Příbor
75,76,Loise,Issacof,lissacof23@dagondesign.com,Female,141.102.16.185,Shangdongjie
77,78,Orella,Giacomuzzo,ogiacomuzzo25@alibaba.com,Female,10.142.244.217,Uglich
78,79,Calli,D'orsay,cdorsay26@home.pl,Female,66.172.27.41,Fort Lauderdale
79,80,Harli,Fakeley,hfakeley27@blogger.com,Female,187.170.131.49,Tempaling
81,82,Almira,Eastmead,aeastmead29@soundcloud.com,Female,171.92.72.40,Göteborg
84,85,Winna,Dodshon,wdodshon2c@tinypic.com,Female,104.5.161.50,Casselman
87,88,Jeanna,Mazey,jmazey2f@naver.com,Female,71.33.138.94,Wolomoni
88,89,Kerrin,Rojahn,krojahn2g@delicious.com,Female,42.80.219.36,Sonder
90,91,Faina,Jarville,fjarville2i@si.edu,Female,15.70.138.160,Limoges
94,95,Ferdinande,Drought,fdrought2m@goo.gl,Female,38.16.55.1,Pajé
95,96,Brenda,Guiel,bguiel2n@time.com,Female,203.120.94.122,Bilalang
97,98,Rosalie,Stribbling,rstribbling2p@wiley.com,Female,153.96.166.231,Chinameca
98,99,Flor,Giuron,fgiuron2q@storify.com,Female,223.47.130.90,Forssa
100,101,Guglielma,Magenny,gmagenny2s@flavors.me,Female,186.78.157.147,Otjimbingwe
101,102,Kyla,Crosse,kcrosse2t@bluehost.com,Female,120.253.177.94,Orissaare
102,103,Brittan,Bubb,bbubb2u@dailymail.co.uk,Female,105.193.213.100,Bech
103,104,Corri,Rubinowicz,crubinowicz2v@europa.eu,Female,211.112.231.38,Bhamdoûn el Mhatta
104,105,Korney,Prestidge,kprestidge2w@bing.com,Female,135.251.129.49,Gaobu
107,108,Susi,Pawsey,spawsey2z@zimbio.com,Female,164.219.128.94,Couço
108,109,Jo,Walak,jwalak30@dedecms.com,Female,236.66.83.1,Dyurtyuli
109,110,Ardelia,Vasilyonok,avasilyonok31@blogspot.com,Female,122.49.55.191,Yege
110,111,Alis,Stammer,astammer32@vimeo.com,Female,27.139.204.173,Panggung
113,114,Brook,Purvey,bpurvey35@dell.com,Female,132.148.245.215,Dahewan
114,115,Mag,Feechan,mfeechan36@last.fm,Female,120.208.15.245,Dijon
117,118,Minnaminnie,MacNair,mmacnair39@archive.org,Female,87.11.75.217,Desē
119,120,Fianna,Moizer,fmoizer3b@scientificamerican.com,Female,25.220.76.173,Esperanza
121,122,Carita,Tomet,ctomet3d@timesonline.co.uk,Female,66.53.175.101,Ecroignard
122,123,Beulah,MacGowan,bmacgowan3e@squarespace.com,Female,76.220.38.70,Aquiraz
123,124,Etta,Riccardelli,ericcardelli3f@sciencedaily.com,Female,35.86.169.215,Yangyuan
127,128,Carina,Moxon,cmoxon3j@usda.gov,Female,56.126.144.88,Wangjiang
128,129,Crissy,Murdie,cmurdie3k@biblegateway.com,Female,222.219.220.191,Santana do Livramento
129,130,Karrah,Danshin,kdanshin3l@linkedin.com,Female,87.33.117.4,Dizangué
130,131,Idalina,Hartup,ihartup3m@amazon.de,Female,163.148.108.83,Lyon
131,132,Denice,Cargon,dcargon3n@usda.gov,Female,163.199.140.236,Huai Mek
135,136,Celestyna,Jacquemy,cjacquemy3r@berkeley.edu,Female,227.98.162.186,Tangba
136,137,Silva,Pittham,spittham3s@ibm.com,Female,18.77.14.20,Rayevskiy
137,138,Kendra,Arnow,karnow3t@seesaa.net,Female,39.239.56.41,Lai Lai Bisi Kopan
138,139,Cordie,Monier,cmonier3u@harvard.edu,Female,88.168.111.250,Mekarsari
139,140,Tabbitha,Padbery,tpadbery3v@woothemes.com,Female,59.255.253.233,Cangchang
141,142,Halli,Clempton,hclempton3x@google.co.uk,Female,158.166.191.11,Pamedaran
142,143,Gwenette,Helling,ghelling3y@discuz.net,Female,49.89.225.10,Santiago Atitlán
143,144,Ermina,Carff,ecarff3z@tinyurl.com,Female,172.50.40.26,Šabac
145,146,Wren,Janc,wjanc41@nhs.uk,Female,190.72.127.18,Ngampon
146,147,Anatola,Upsale,aupsale42@hc360.com,Female,20.144.225.200,Murici
149,150,Julie,Kopacek,jkopacek45@deviantart.com,Female,126.102.0.5,Borova
151,152,Elaina,Yanez,eyanez47@ft.com,Female,146.218.1.99,Barrī ash Sharqī
153,154,Ally,Clausen-Thue,aclausenthue49@latimes.com,Female,187.65.40.149,Xinxiang
154,155,Ki,Clew,kclew4a@pagesperso-orange.fr,Female,147.209.17.246,Cristalina
155,156,Francesca,Cottham,fcottham4b@hc360.com,Female,147.137.122.252,Viga
156,157,Aida,Mundy,amundy4c@ftc.gov,Female,12.248.131.213,Liaodian
161,162,Corinna,Naismith,cnaismith4h@privacy.gov.au,Female,75.78.185.215,Zgornje Pirniče
162,163,Cinnamon,Birchenhead,cbirchenhead4i@multiply.com,Female,234.89.1.155,Nyima
163,164,Tilda,Couser,tcouser4j@google.nl,Female,31.237.176.246,Mayingzhuang
164,165,Tildi,Kimbell,tkimbell4k@phoca.cz,Female,15.223.38.138,Bela Vista do Paraíso
166,167,Mariska,Noble,mnoble4m@mayoclinic.com,Female,0.111.136.34,Luxi
167,168,Rozelle,Northrop,rnorthrop4n@wikimedia.org,Female,86.238.26.49,Chajarí
171,172,Matelda,Wycliffe,mwycliffe4r@squarespace.com,Female,167.147.234.88,Lurugan
172,173,Leoline,Flawith,lflawith4s@theglobeandmail.com,Female,80.161.40.207,Sumuranyar
174,175,Pierrette,Abramow,pabramow4u@github.io,Female,112.65.143.82,Pingshan
178,179,Cynthia,MacTurlough,cmacturlough4y@zimbio.com,Female,113.131.18.92,Outjo
181,182,Conni,Higgan,chiggan51@deliciousdays.com,Female,27.37.172.124,Ambatondrazaka
185,186,Andy,Varley,avarley55@wikimedia.org,Female,152.252.64.126,Chechenglu
186,187,Ronda,Heavens,rheavens56@nifty.com,Female,142.133.134.72,Gelgaudiškis
188,189,Faythe,Pither,fpither58@stumbleupon.com,Female,203.197.153.39,Zárate
192,193,Leda,Luchetti,lluchetti5c@posterous.com,Female,42.106.29.243,Kurikka
194,195,Gertrude,Iddison,giddison5e@youtube.com,Female,234.143.79.113,Gribanovskiy
195,196,Kathi,Kerne,kkerne5f@bigcartel.com,Female,80.58.158.31,Vila Verde
196,197,Caitlin,Zannutti,czannutti5g@behance.net,Female,229.43.64.104,Luodian
198,199,Krista,Cowoppe,kcowoppe5i@cam.ac.uk,Female,11.118.28.185,Xiugu
199,200,Laurella,Hotchkin,lhotchkin5j@google.co.uk,Female,148.210.240.171,Kashmor
200,201,Juliane,Koba,jkoba5k@hao123.com,Female,180.61.20.67,Quanyang
201,202,Tobe,Hamlyn,thamlyn5l@wikimedia.org,Female,5.202.34.4,Oleszyce
204,205,Amelia,Peggs,apeggs5o@huffingtonpost.com,Female,187.127.231.43,Yashikera
205,206,Robby,Heijnen,rheijnen5p@4shared.com,Female,67.244.110.49,Rosh Ha‘Ayin
206,207,Loria,Serrier,lserrier5q@hibu.com,Female,87.68.60.140,Tushi
207,208,Nan,Witch,nwitch5r@quantcast.com,Female,10.116.94.61,Grande Rivière Noire
210,211,Denys,Esmonde,desmonde5u@addtoany.com,Female,134.171.231.179,Pantian
211,212,Sibilla,Stachini,sstachini5v@dyndns.org,Female,66.219.114.10,Rio Grande da Serra
213,214,Edyth,Macartney,emacartney5x@elegantthemes.com,Female,26.161.138.37,Preobrazheniye
214,215,Lisetta,Bigglestone,lbigglestone5y@mit.edu,Female,32.115.116.0,Baikouquan
216,217,Britni,Cottham,bcottham60@soundcloud.com,Female,54.243.80.13,Köln
218,219,Carina,O' Ronan,coronan62@techcrunch.com,Female,114.82.73.15,Lianzhou
220,221,Randy,Sazio,rsazio64@zimbio.com,Female,7.28.169.35,Shuangxiqiao
221,222,Timmie,Scotti,tscotti65@hc360.com,Female,134.67.132.81,Banyuresmi
223,224,Ardys,Diben,adiben67@ucoz.com,Female,251.238.123.72,Petit Valley
227,228,Melisent,Northwood,mnorthwood6b@mozilla.com,Female,72.52.196.40,Guilmaro
229,230,Joanne,Lyburn,jlyburn6d@networkadvertising.org,Female,31.91.254.237,Guitang
231,232,Marielle,Chrystal,mchrystal6f@blogs.com,Female,195.131.48.31,Paragominas
239,240,Flo,Sorrie,fsorrie6n@nationalgeographic.com,Female,92.239.41.42,Rachanie
240,241,Elvina,Dulwitch,edulwitch6o@sourceforge.net,Female,209.9.197.182,Gilowice
242,243,Diena,Jahan,djahan6q@salon.com,Female,14.136.254.55,Kotakan Selatan
244,245,Heath,Eastmond,heastmond6s@geocities.jp,Female,97.228.113.200,Akhaltsikhe
245,246,Meg,McKirdy,mmckirdy6t@drupal.org,Female,236.162.213.87,Shuitou
248,249,Lee,Bagnal,lbagnal6w@yahoo.co.jp,Female,149.85.96.127,Psygansu
249,250,Hildegaard,Fairey,hfairey6x@biglobe.ne.jp,Female,163.32.149.210,Thanatpin
250,251,Easter,Hamshere,ehamshere6y@freewebs.com,Female,79.63.202.214,Dalgān
252,253,Verile,Gunning,vgunning70@infoseek.co.jp,Female,167.199.48.8,Barmash
255,256,Daniella,Jindra,djindra73@jigsy.com,Female,177.36.251.227,Yelets
256,257,Shoshanna,Stollsteimer,sstollsteimer74@mysql.com,Female,59.129.39.60,Az Zuwaytīnah
260,261,Brigitta,Haquin,bhaquin78@cdbaby.com,Female,240.150.196.238,Huangjinjing
261,262,Claribel,Dosedale,cdosedale79@barnesandnoble.com,Female,246.254.4.138,Dasol
263,264,Marleah,Shevlan,mshevlan7b@surveymonkey.com,Female,251.253.123.90,Semey
265,266,Opalina,Bleier,obleier7d@posterous.com,Female,29.181.64.189,Monte Carmelo
267,268,Kathleen,Treswell,ktreswell7f@kickstarter.com,Female,60.7.118.238,Binlod
268,269,Mufinella,Santo,msanto7g@paypal.com,Female,152.225.165.64,Pavlodar
273,274,Kathryn,MacManus,kmacmanus7l@hc360.com,Female,240.234.35.68,Anabar
274,275,Eve,Clother,eclother7m@bigcartel.com,Female,42.141.113.243,Milín
278,279,Tiertza,Bullivent,tbullivent7q@dyndns.org,Female,131.45.227.60,Mehrābpur
280,281,Rozella,Shirlaw,rshirlaw7s@ask.com,Female,102.88.226.237,Manique de Baixo
282,283,Iseabal,Terron,iterron7u@spiegel.de,Female,238.112.13.39,Krasiczyn
283,284,Michele,Garritley,mgarritley7v@nyu.edu,Female,146.115.120.2,Morcellemont Saint André
285,286,Sibilla,Alesi,salesi7x@chron.com,Female,54.24.9.225,Xingou
288,289,Ellene,Glisane,eglisane80@nyu.edu,Female,199.110.252.148,Palue
290,291,Oralee,Letchmore,oletchmore82@indiatimes.com,Female,101.50.142.2,Mayenne
292,293,Fanya,Gartan,fgartan84@si.edu,Female,153.208.82.105,Vancouver
294,295,Vania,Sinnott,vsinnott86@constantcontact.com,Female,255.197.190.77,Qiaolin
296,297,Colline,Meadowcroft,cmeadowcroft88@ihg.com,Female,242.3.203.109,Capalonga
297,298,Marybelle,Neathway,mneathway89@topsy.com,Female,116.124.132.29,Kaduluhur
298,299,Laetitia,Sidry,lsidry8a@livejournal.com,Female,40.242.52.39,Villa General Belgrano
301,302,Lotti,Linnock,llinnock8d@tripod.com,Female,134.251.34.59,Binkolo
302,303,Lilly,Annear,lannear8e@uiuc.edu,Female,220.213.130.67,Savonlinna
303,304,Freda,Winslade,fwinslade8f@angelfire.com,Female,185.228.131.81,Tayum
305,306,Marje,Fordyce,mfordyce8h@deliciousdays.com,Female,78.253.229.61,Rinbung
307,308,Meridel,Ledford,mledford8j@taobao.com,Female,5.228.2.228,Doong
308,309,Catrina,Whiskerd,cwhiskerd8k@fema.gov,Female,25.106.94.89,Halimaung Jaya (F-3)
310,311,Rakel,Fitzsymons,rfitzsymons8m@addthis.com,Female,43.238.97.33,Gaoleshan
311,312,Caye,Canton,ccanton8n@unicef.org,Female,48.65.103.178,Verkhnyaya Belka
312,313,Clari,Thowless,cthowless8o@uiuc.edu,Female,147.78.179.122,Suḩayl Shibām
313,314,Thia,Vasyanin,tvasyanin8p@issuu.com,Female,10.4.154.83,San Francisco
315,316,Jany,Holbie,jholbie8r@twitter.com,Female,162.154.130.96,Santa Clara
318,319,Elvera,Bowdrey,ebowdrey8u@alexa.com,Female,139.75.140.171,Uruçuca
319,320,Kalli,Critcher,kcritcher8v@feedburner.com,Female,37.3.6.7,Xinbao
321,322,Brook,Caff,bcaff8x@army.mil,Female,62.195.181.235,Xue’an
322,323,Frankie,Warburton,fwarburton8y@who.int,Female,252.8.235.114,Tanghu
328,329,Adaline,Gligoraci,agligoraci94@harvard.edu,Female,78.178.234.9,Megion
330,331,Sydel,Sherland,ssherland96@de.vu,Female,45.27.130.2,Santana do Paraíso
331,332,Nelie,Barnard,nbarnard97@nsw.gov.au,Female,192.133.199.243,Citeguh
335,336,Berry,Gribbins,bgribbins9b@odnoklassniki.ru,Female,231.15.254.178,Lukunor
336,337,Alys,Gerge,agerge9c@cdc.gov,Female,63.30.64.147,Grujugan
337,338,Mufinella,Harcus,mharcus9d@zimbio.com,Female,231.124.67.65,Polyarnyye Zori
340,341,Maressa,Andras,mandras9g@yellowbook.com,Female,241.59.42.178,Mapusagafou
341,342,Gayla,Hebbes,ghebbes9h@gnu.org,Female,15.19.142.22,Abomsa
342,343,Stephenie,Hurt,shurt9i@goo.gl,Female,215.144.121.249,Zharkent
346,347,Rosalind,Macieja,rmacieja9m@cdc.gov,Female,193.114.128.156,Cuispes
348,349,Libbie,Gabbotts,lgabbotts9o@unicef.org,Female,172.216.241.143,Tilburg
349,350,Pippy,Thickins,pthickins9p@facebook.com,Female,188.249.136.202,Benisheikh
351,352,Florie,Cuthbertson,fcuthbertson9r@narod.ru,Female,10.181.155.228,Goiás
352,353,Simone,McMychem,smcmychem9s@ow.ly,Female,185.172.219.152,Sieradza
353,354,Lyn,Chivers,lchivers9t@cpanel.net,Female,27.201.177.8,Ash Shaddādah
355,356,Dulcie,Dower,ddower9v@engadget.com,Female,45.70.201.155,Milaor
357,358,Benedikta,O'Crevan,bocrevan9x@cam.ac.uk,Female,71.21.249.153,Kālīganj
358,359,Saudra,McGrill,smcgrill9y@ocn.ne.jp,Female,255.236.14.201,Pombas
359,360,Meggy,Birbeck,mbirbeck9z@e-recht24.de,Female,108.171.254.153,Donnycarney
361,362,Bertha,Vondrach,bvondracha1@xrea.com,Female,14.142.215.166,Can-Avid
362,363,Nert,Finby,nfinbya2@cyberchimps.com,Female,227.164.229.225,Cruz Alta
364,365,Genni,Cabrales,gcabralesa4@netlog.com,Female,140.23.52.92,Dębno
365,366,Rosella,Kenney,rkenneya5@mapquest.com,Female,57.20.98.134,Bordeaux
368,369,Betteann,Mayall,bmayalla8@bluehost.com,Female,39.148.32.41,Nanton
369,370,Colleen,Ikringill,cikringilla9@angelfire.com,Female,107.234.122.63,Canto
370,371,Eleni,Yakushkev,eyakushkevaa@instagram.com,Female,237.24.104.10,Cukangpanjang
373,374,Fifine,Petto,fpettoad@auda.org.au,Female,2.37.210.172,Kunheda Woerzu Manzu
376,377,Courtney,Terry,cterryag@list-manage.com,Female,88.139.79.154,Mthatha
377,378,Delinda,Jirka,djirkaah@people.com.cn,Female,115.156.134.48,Omboué
381,382,Venita,Bainbridge,vbainbridgeal@skyrock.com,Female,48.37.214.169,Dessalines
382,383,Lelia,Collingworth,lcollingwortham@mashable.com,Female,128.238.213.118,El Quetzal
383,384,Kate,Cusworth,kcusworthan@ameblo.jp,Female,220.228.86.194,Hostivice
384,385,Lenore,Domenicone,ldomeniconeao@mail.ru,Female,74.117.219.172,Jaworze
386,387,Kariotta,Diloway,kdilowayaq@cdbaby.com,Female,103.83.133.80,Macabugos
387,388,Camila,Beveredge,cbeveredgear@netvibes.com,Female,113.174.189.152,Pingshan
389,390,Stephi,Miskimmon,smiskimmonat@vimeo.com,Female,158.67.131.220,Arrap’i
394,395,Jacenta,Follacaro,jfollacaroay@shop-pro.jp,Female,198.87.39.196,Kyaikkami
397,398,Teddie,Iglesia,tiglesiab1@ft.com,Female,195.185.45.3,Miatli
400,401,Alexandra,Ortsmann,aortsmannb4@skype.com,Female,241.240.48.219,Lühua
401,402,Jillian,Larrett,jlarrettb5@twitpic.com,Female,22.251.77.60,Tála
407,408,Lanni,Nice,lnicebb@nydailynews.com,Female,63.51.171.246,Wutongkou
408,409,Jeannie,Slane,jslanebc@youku.com,Female,148.37.251.23,Al Marj
410,411,Minnnie,Tomkinson,mtomkinsonbe@harvard.edu,Female,203.185.227.183,Starotitarovskaya
415,416,Ferdinande,Vasenkov,fvasenkovbj@blogger.com,Female,51.198.206.77,Ratchasan
417,418,Joycelin,MacCallion,jmaccallionbl@abc.net.au,Female,64.248.194.84,Baixi
418,419,Marice,Armin,marminbm@ucla.edu,Female,72.168.195.235,Agrela
419,420,Misti,Feaveer,mfeaveerbn@chron.com,Female,200.121.205.130,Pital
421,422,Anissa,Trowler,atrowlerbp@dailymotion.com,Female,115.198.118.219,Kuching
422,423,Willi,Human,whumanbq@earthlink.net,Female,8.110.59.216,Guaitarilla
425,426,Therine,Kelsell,tkelsellbt@google.cn,Female,196.245.107.52,Cawayan
428,429,Lilli,De Bruijne,ldebruijnebw@mediafire.com,Female,13.187.218.126,Tawangrejo
429,430,Lizette,MacCard,lmaccardbx@weibo.com,Female,210.229.231.8,Cerca la Source
430,431,Edwina,Colleer,ecolleerby@comcast.net,Female,60.158.242.97,Yezhu
431,432,Channa,Kuhnhardt,ckuhnhardtbz@google.ru,Female,83.176.56.161,San Cristobal
432,433,Melva,Walbrook,mwalbrookc0@ning.com,Female,60.15.108.78,Vin’kivtsi
433,434,Carlie,Belone,cbelonec1@nhs.uk,Female,194.117.147.59,Yichun
435,436,Mary,Reven,mrevenc3@technorati.com,Female,130.82.252.73,Faqqū‘ah
436,437,Sib,Chavey,schaveyc4@deviantart.com,Female,67.17.36.69,Kotlovka
437,438,Aurlie,Mossop,amossopc5@cnn.com,Female,41.23.163.63,Sioah
438,439,Antonina,Evershed,aevershedc6@scientificamerican.com,Female,153.9.86.247,Tubajon
439,440,Ajay,Orth,aorthc7@apache.org,Female,28.99.81.176,Calachuchi
444,445,Vivyan,Staley,vstaleycc@drupal.org,Female,202.170.31.194,Cibaregbeg
445,446,Robinetta,Perse,rpersecd@booking.com,Female,15.71.127.137,San Cristobal
446,447,Lisbeth,Huetson,lhuetsonce@shutterfly.com,Female,87.61.0.218,Medveđa
447,448,Sidonnie,Ianelli,sianellicf@edublogs.org,Female,105.14.138.208,Luopioinen
448,449,Yetty,Creebo,ycreebocg@boston.com,Female,175.171.148.237,Bachok
450,451,Tommi,Gooda,tgoodaci@google.com.au,Female,83.251.178.155,Zoushi
452,453,Lavinia,Englefield,lenglefieldck@google.com.au,Female,167.183.182.247,Žamberk
455,456,Penni,Sharpley,psharpleycn@indiegogo.com,Female,123.181.124.217,Cawayan Bugtong
458,459,Bea,Vallerine,bvallerinecq@devhub.com,Female,59.149.247.149,Feyẕābād
460,461,Dell,Blewitt,dblewittcs@tinyurl.com,Female,30.229.231.119,Shangju
461,462,Anett,Bertrand,abertrandct@oakley.com,Female,185.192.19.72,Okazaki
463,464,Merralee,Fidelli,mfidellicv@salon.com,Female,80.193.201.110,Tovačov
466,467,Carlin,Mc Combe,cmccombecy@taobao.com,Female,37.21.70.69,Châtellerault
467,468,Penelope,Rehme,prehmecz@seesaa.net,Female,145.58.68.21,Habana del Este
468,469,Susann,Sciusscietto,ssciussciettod0@topsy.com,Female,117.204.19.108,Dayangqi
469,470,Zorah,MacMenemy,zmacmenemyd1@seattletimes.com,Female,207.96.93.51,Olival Basto
471,472,Claudina,Scogin,cscogind3@upenn.edu,Female,159.158.0.243,Zuénoula
473,474,Pandora,Gadie,pgadied5@prnewswire.com,Female,180.120.134.245,Liushi
474,475,Evy,Hoyer,ehoyerd6@booking.com,Female,182.190.113.32,Kon Tum
475,476,Dinny,Avo,davod7@lulu.com,Female,192.49.20.253,Wilkowice
476,477,Elyn,Giraldo,egiraldod8@wired.com,Female,211.43.21.48,Chervonoarmiys’k
478,479,Fanya,Backshall,fbackshallda@constantcontact.com,Female,129.106.54.47,Kapchorwa
481,482,Annette,Griffin,agriffindd@geocities.com,Female,255.210.140.72,Bolorejo
482,483,Dorothy,Barnard,dbarnardde@uol.com.br,Female,156.172.174.215,Olszyna
483,484,Lexis,Drillingcourt,ldrillingcourtdf@springer.com,Female,253.222.144.185,Phú Thái
484,485,Rhodia,Bainton,rbaintondg@wix.com,Female,240.54.111.63,Oslo
486,487,Danella,Hancox,dhancoxdi@ucoz.ru,Female,207.195.67.73,Khisarya
492,493,Darelle,Parkey,dparkeydo@lycos.com,Female,48.188.77.239,Purwosari
494,495,Glenn,Gellion,ggelliondq@amazon.de,Female,119.42.217.40,Örebro
495,496,Laryssa,Foucher,lfoucherdr@istockphoto.com,Female,52.186.189.20,Baihe
499,500,Jacqueline,Bourgourd,jbourgourddv@skyrock.com,Female,191.170.211.104,Berezna
500,501,Ambur,Holdey,aholdeydw@xinhuanet.com,Female,236.209.51.231,Sawaengha
501,502,Sabine,Lyosik,slyosikdx@360.cn,Female,161.232.137.136,Bayt ‘Īnūn
502,503,Gladys,Bandt,gbandtdy@ocn.ne.jp,Female,158.14.30.142,Hunkuyi
509,510,Novelia,Dureden,nduredene5@comsenz.com,Female,102.122.213.234,Oberá
510,511,Cathlene,Elgood,celgoode6@shutterfly.com,Female,66.37.238.247,Cibiru
513,514,Katherine,Dand,kdande9@sphinn.com,Female,108.101.48.128,Auch
520,521,Candida,Jikylls,cjikyllseg@xinhuanet.com,Female,177.46.130.45,Matadi
521,522,Noni,Whoston,nwhostoneh@jigsy.com,Female,11.182.33.119,Columbia
525,526,Wendie,Shaplin,wshaplinel@phoca.cz,Female,219.103.28.113,Puro
527,528,Brenda,Rogliero,broglieroen@ebay.co.uk,Female,8.103.136.58,Budapest
528,529,Alyce,Scotter,ascottereo@ifeng.com,Female,245.246.169.182,Daga
530,531,Lurleen,Kerswill,lkerswilleq@redcross.org,Female,3.77.74.156,Himeji
532,533,Gerianne,Tryhorn,gtryhornes@bbc.co.uk,Female,233.165.24.161,Shihua
535,536,Tabbie,Farge,tfargeev@icio.us,Female,56.152.235.191,Terang
536,537,Cristionna,MacBain,cmacbainew@phpbb.com,Female,221.165.111.121,Waco
537,538,Leonie,Brocket,lbrocketex@barnesandnoble.com,Female,107.206.75.216,Nepomuceno
542,543,Stormi,Schimke,sschimkef2@apple.com,Female,133.116.215.131,Yonghe
543,544,Letta,Meneyer,lmeneyerf3@loc.gov,Female,235.252.200.137,Atlanta
544,545,Adah,Larder,alarderf4@tamu.edu,Female,159.105.37.166,Arvayheer
545,546,Gerri,McQuade,gmcquadef5@nbcnews.com,Female,174.231.142.255,Yongfeng
549,550,Chelsea,Verriour,cverriourf9@youku.com,Female,172.13.54.244,Nijmegen
550,551,Carina,Yurmanovev,cyurmanovevfa@indiatimes.com,Female,215.108.185.108,Longxing
551,552,Brittne,Hawkshaw,bhawkshawfb@weather.com,Female,240.172.194.75,Candelária
552,553,Candy,Dreakin,cdreakinfc@homestead.com,Female,227.18.178.94,Sadowie
555,556,Judy,Yesenev,jyesenevff@stanford.edu,Female,212.165.166.71,Baisha
557,558,Esmaria,Tidman,etidmanfh@i2i.jp,Female,171.223.200.20,Balungao
558,559,Michaela,Yandle,myandlefi@addthis.com,Female,12.228.203.169,Lebak
561,562,Guendolen,Iacovino,giacovinofl@ucla.edu,Female,117.187.61.27,Jäppilä
562,563,Glenda,Shenley,gshenleyfm@symantec.com,Female,45.84.218.12,Ayapa
563,564,Dedra,Kempe,dkempefn@stanford.edu,Female,61.28.17.151,Anáfi
568,569,Hynda,Dahlback,hdahlbackfs@cisco.com,Female,29.174.159.83,Serikbuya
570,571,Hinda,Reinisch,hreinischfu@usatoday.com,Female,172.106.76.24,Hanban
571,572,Margareta,Strainge,mstraingefv@who.int,Female,81.42.6.41,Xinmin
572,573,Modestine,Rayer,mrayerfw@4shared.com,Female,51.233.150.198,Ōnojō
573,574,Maurizia,Costen,mcostenfx@npr.org,Female,124.38.157.213,Qiaoxi
576,577,Laurice,Pople,lpopleg0@dell.com,Female,222.216.151.202,Kárystos
578,579,Bertina,Buist,bbuistg2@hao123.com,Female,101.120.144.17,Moholm
579,580,Alli,Creedland,acreedlandg3@addtoany.com,Female,113.198.82.211,Hengdian
582,583,Allyn,Towl,atowlg6@nifty.com,Female,112.182.152.104,Taman
583,584,Valenka,Thirwell,vthirwellg7@php.net,Female,222.57.96.182,Paccho
584,585,Kelsi,Roaf,kroafg8@exblog.jp,Female,217.180.35.187,Staraya Derevnya
585,586,Elspeth,Kleinzweig,ekleinzweigg9@blogs.com,Female,51.231.174.227,Šabac
588,589,Jere,Ganley,jganleygc@clickbank.net,Female,100.27.190.169,Paris 12
592,593,Nettle,Sinncock,nsinncockgg@google.fr,Female,42.179.9.230,Wilcza
595,596,Lenee,Howsin,lhowsingj@umich.edu,Female,172.248.100.48,Walakeri
596,597,Nonie,Slaymaker,nslaymakergk@springer.com,Female,98.181.182.84,Wanshan
597,598,Wilhelmina,Muzzini,wmuzzinigl@wikispaces.com,Female,8.12.36.186,Sanli
598,599,Lesley,Gerok,lgerokgm@zimbio.com,Female,101.115.64.140,Sukadana Selatan
600,601,Cassey,Juanes,cjuanesgo@clickbank.net,Female,106.95.90.153,Kafr Dān
602,603,Clarita,Nast,cnastgq@eventbrite.com,Female,139.23.86.235,Kibuku
604,605,Noemi,Tuttiett,ntuttiettgs@com.com,Female,159.35.228.155,Ticrapo
609,610,Cam,Alesbrook,calesbrookgx@nifty.com,Female,215.17.75.5,Malata
610,611,Nydia,Edmenson,nedmensongy@addthis.com,Female,174.107.242.147,Santiago Puringla
611,612,Norina,Greening,ngreeninggz@usnews.com,Female,250.206.156.151,Chengqiao
615,616,Kerrie,Casemore,kcasemoreh3@webnode.com,Female,24.32.21.140,Pszczyna
617,618,Lea,Errington,lerringtonh5@bandcamp.com,Female,189.27.107.246,Santa Bárbara
619,620,Stafani,Boggish,sboggishh7@ox.ac.uk,Female,215.78.129.133,Frederico Westphalen
621,622,Norma,Calley,ncalleyh9@wordpress.org,Female,122.86.158.187,Üydzen
623,624,Cassey,Rockhall,crockhallhb@unc.edu,Female,253.82.56.213,Villejuif
625,626,Gwendolin,Joselson,gjoselsonhd@e-recht24.de,Female,113.163.96.246,Liandu
626,627,Reggie,Bushaway,rbushawayhe@hp.com,Female,30.146.223.173,Carleton Place
627,628,Giorgia,Dundredge,gdundredgehf@skyrock.com,Female,129.47.61.234,Yachimata
628,629,Pietra,McAleese,pmcaleesehg@networksolutions.com,Female,253.156.232.35,Dushang
629,630,Ellynn,Peterken,epeterkenhh@nba.com,Female,93.195.212.10,Farah
631,632,Mildrid,Osban,mosbanhj@cafepress.com,Female,240.193.200.11,Göteborg
632,633,Emera,Digges,ediggeshk@trellian.com,Female,179.229.224.134,Doba
633,634,Krissie,Nore,knorehl@vinaora.com,Female,93.46.120.15,Armenia
634,635,Jeannine,Phlippsen,jphlippsenhm@jigsy.com,Female,130.98.206.249,Zalishchyky
637,638,Suzann,Hugli,shuglihp@engadget.com,Female,251.197.224.18,Banjar Jambe Baleran
640,641,Bird,Meritt,bmeritths@sogou.com,Female,169.145.31.224,Eskilstuna
642,643,Dinah,Jandourek,djandourekhu@dell.com,Female,185.55.93.91,Nawābganj
645,646,Aeriela,Thumnel,athumnelhx@hao123.com,Female,95.252.91.103,Karlskrona
646,647,Abbie,Allett,aalletthy@accuweather.com,Female,14.20.177.82,Delgermörön
647,648,Ede,Margrem,emargremhz@nymag.com,Female,165.28.0.175,Kōriyama
648,649,Danette,Darcy,ddarcyi0@google.pl,Female,153.72.37.29,Velestíno
649,650,Betsey,Cracknell,bcracknelli1@shop-pro.jp,Female,20.164.159.91,Xiawuqi
652,653,Brandy,Conichie,bconichiei4@nasa.gov,Female,203.83.101.38,Lobanovo
653,654,Kimmi,Kay,kkayi5@omniture.com,Female,163.22.224.33,Beiyang
655,656,Lolita,Castelletti,lcastellettii7@msu.edu,Female,155.187.86.132,Zbraslavice
657,658,Christie,Haggath,chaggathi9@cnn.com,Female,125.143.168.82,Emiliano Zapata
658,659,Cassey,Swidenbank,cswidenbankia@ed.gov,Female,18.161.103.17,Ialoveni
659,660,Rozanna,Sambiedge,rsambiedgeib@yolasite.com,Female,100.28.150.126,Mniszków
660,661,Alex,Ayce,aayceic@mail.ru,Female,50.148.243.117,Sankeng
665,666,Berta,Bleackly,bbleacklyih@ucsd.edu,Female,82.81.121.204,Kamuli
666,667,Amalee,Collocott,acollocottii@huffingtonpost.com,Female,236.46.250.172,Nikopol’
669,670,Bonny,Folbige,bfolbigeil@blogtalkradio.com,Female,32.89.37.71,Hagondange
670,671,Nerte,Dayly,ndaylyim@pcworld.com,Female,201.113.48.146,Zhenchuan
671,672,Linet,Shiliton,lshilitonin@apple.com,Female,247.231.7.187,Chuncheon
672,673,Misti,Lambell,mlambellio@youku.com,Female,15.158.200.213,Tokushima-shi
673,674,Gwendolin,McCart,gmccartip@jalbum.net,Female,193.247.161.2,Gaozhou
675,676,Jaquith,Satterthwaite,jsatterthwaiteir@drupal.org,Female,168.194.11.131,Sydney
676,677,Lucie,Hadcock,lhadcockis@theguardian.com,Female,10.246.229.145,Rogoźnik
677,678,Phedra,Pampling,ppamplingit@lycos.com,Female,118.133.126.83,Zmiennica
679,680,Bess,Meryett,bmeryettiv@wufoo.com,Female,8.31.58.166,San Sebastián
681,682,Bobbye,Rawls,brawlsix@opensource.org,Female,102.84.74.13,Yongchang
683,684,Deana,Glasscoe,dglasscoeiz@liveinternet.ru,Female,151.134.8.1,Khodasy
684,685,Rani,Colerick,rcolerickj0@edublogs.org,Female,144.255.200.232,Daleman
688,689,Arabel,Denzilow,adenzilowj4@ustream.tv,Female,125.5.21.155,Ar Rass
692,693,Jerrilee,Saxton,jsaxtonj8@redcross.org,Female,252.82.35.114,Telnice
693,694,Viva,Robberts,vrobbertsj9@europa.eu,Female,32.114.65.39,Capatárida
695,696,Fancy,Hengoed,fhengoedjb@china.com.cn,Female,106.238.131.229,Malita
699,700,Elladine,Corbally,ecorballyjf@accuweather.com,Female,212.172.188.111,Konin
703,704,Marietta,Dench,mdenchjj@hao123.com,Female,43.34.14.200,Kalembutillu
704,705,Patty,Millimoe,pmillimoejk@netlog.com,Female,110.76.11.110,Opinogóra Górna
707,708,Marnie,Hans,mhansjn@clickbank.net,Female,119.18.150.27,Vysoké nad Jizerou
708,709,Bunni,DeSousa,bdesousajo@weather.com,Female,196.30.125.245,Nanyuan
710,711,Cosetta,Edgecombe,cedgecombejq@apache.org,Female,93.178.1.6,Matozinhos
711,712,Crissy,Pinckard,cpinckardjr@typepad.com,Female,51.122.58.171,Varva
712,713,Ailene,Billison,abillisonjs@gmpg.org,Female,46.188.8.118,Si Khoraphum
713,714,Johna,Ellacott,jellacottjt@geocities.jp,Female,93.217.4.160,Suraż
714,715,Candide,Shepstone,cshepstoneju@godaddy.com,Female,176.125.2.196,Druya
715,716,Bibi,De Banke,bdebankejv@shareasale.com,Female,187.210.54.2,Mengdong
716,717,Delores,Haug,dhaugjw@blogspot.com,Female,135.172.151.9,Nanmuping
721,722,Babs,Dixcey,bdixceyk1@china.com.cn,Female,11.254.57.89,Tripoli
722,723,Betta,Poxon,bpoxonk2@usatoday.com,Female,36.38.110.45,Thul
723,724,Mame,Byatt,mbyattk3@gnu.org,Female,136.36.64.168,Raymond
724,725,Jennilee,Strasse,jstrassek4@stumbleupon.com,Female,61.54.155.35,Huangge
726,727,Vannie,Landrick,vlandrickk6@mysql.com,Female,116.17.184.83,Duncan
727,728,Phyllida,Kryszka,pkryszkak7@biglobe.ne.jp,Female,3.57.243.238,Orsk
730,731,Thomasin,Robilart,trobilartka@bigcartel.com,Female,116.161.191.180,Radès
731,732,Lari,Tomovic,ltomovickb@ameblo.jp,Female,149.18.135.245,Fonte da Aldeia
732,733,Rica,Stable,rstablekc@washington.edu,Female,52.167.232.219,Osasco
735,736,Reyna,Cawtheray,rcawtheraykf@gmpg.org,Female,8.6.199.172,Máncora
737,738,Jennine,Chartman,jchartmankh@miitbeian.gov.cn,Female,106.164.32.156,El Retén
739,740,Carlotta,McIlvaney,cmcilvaneykj@wisc.edu,Female,37.223.138.254,Batou
740,741,Tanya,Raye,trayekk@wikispaces.com,Female,125.226.67.218,Paraíso de Chabasquén
741,742,Idelle,Jupp,ijuppkl@squarespace.com,Female,169.118.168.39,Wongaya Kaja
742,743,Andeee,Stocking,astockingkm@unicef.org,Female,49.186.55.223,Huesca
743,744,Ivie,Jewise,ijewisekn@clickbank.net,Female,170.238.221.161,Sanjiang
747,748,Francene,Burnes,fburneskr@reverbnation.com,Female,10.144.224.107,Sumbersarikrajan
749,750,Randi,Surr,rsurrkt@icio.us,Female,90.254.168.46,Dongjingcheng
753,754,Tilda,Milner,tmilnerkx@homestead.com,Female,232.172.79.64,Kandi
757,758,Matty,Souness,msounessl1@xinhuanet.com,Female,154.75.46.78,Yinhedahan’er
758,759,Mei,Hamel,mhamell2@uol.com.br,Female,136.70.25.250,Gebang
762,763,Erina,Bocock,ebocockl6@wunderground.com,Female,72.46.13.228,Sertânia
770,771,Roseline,Dotterill,rdotterillle@msn.com,Female,2.217.106.36,Cergy-Pontoise
771,772,Ariel,MacMarcuis,amacmarcuislf@over-blog.com,Female,189.61.217.236,Winschoten
772,773,Sherri,Runacres,srunacreslg@mail.ru,Female,115.28.145.171,San Gil
773,774,Belita,Gorringe,bgorringelh@sitemeter.com,Female,181.30.198.208,Łazy
774,775,Britt,Kitteman,bkittemanli@pcworld.com,Female,197.242.248.249,Bieligutai
775,776,Adaline,Mahony,amahonylj@phoca.cz,Female,228.59.155.105,Elliot
779,780,Merline,Augustine,maugustineln@geocities.jp,Female,192.69.30.58,Dal’neye Konstantinovo
780,781,Samara,Spall,sspalllo@yahoo.com,Female,188.21.28.134,Birowo
781,782,Irita,Sherratt,isherrattlp@domainmarket.com,Female,163.228.164.142,Invercargill
782,783,Devonna,McCaighey,dmccaigheylq@opera.com,Female,108.111.101.139,Pervoural’sk
786,787,Tammy,Lidierth,tlidierthlu@bloomberg.com,Female,2.56.12.56,Athy
788,789,Jannelle,Chuck,jchucklw@unblog.fr,Female,61.76.224.200,Chateaubelair
789,790,Tomasine,Dennick,tdennicklx@webnode.com,Female,45.193.231.163,Phủ Thông
794,795,Perrine,Beranek,pberanekm2@vk.com,Female,50.227.71.150,Yiánnouli
796,797,Hali,Dragonette,hdragonettem4@slideshare.net,Female,37.234.6.140,Thị Trấn Cao Phong
797,798,Bebe,Mellhuish,bmellhuishm5@psu.edu,Female,158.100.207.244,Matagami
798,799,Constantia,Tomaskunas,ctomaskunasm6@friendfeed.com,Female,181.178.161.190,Elias Fausto
799,800,Ashley,Wollard,awollardm7@sciencedirect.com,Female,41.71.196.161,Carreira
800,801,Aime,Bruckman,abruckmanm8@naver.com,Female,163.55.76.124,Baqiao
802,803,Belita,Kynge,bkyngema@nih.gov,Female,229.198.160.116,Batiano
803,804,Irma,Gillford,igillfordmb@fotki.com,Female,188.3.135.88,Yangxi
804,805,Mariejeanne,Mound,mmoundmc@soup.io,Female,116.154.104.117,Tissa
805,806,Shannah,Daudray,sdaudraymd@cyberchimps.com,Female,219.175.89.132,Tagdanua
808,809,Tobi,Doyland,tdoylandmg@friendfeed.com,Female,61.110.75.68,Limeil-Brévannes
809,810,Daniela,Crosskell,dcrosskellmh@taobao.com,Female,54.162.5.201,Punkaharju
811,812,Jodee,Kitteman,jkittemanmj@smugmug.com,Female,62.246.68.102,Maslovare
812,813,Corina,Lockart,clockartmk@yale.edu,Female,108.130.175.118,Hongtang
813,814,Delcina,MacAnelley,dmacanelleyml@nasa.gov,Female,74.150.111.239,Chumpi
816,817,Aura,MacMychem,amacmychemmo@newsvine.com,Female,101.109.194.210,Osias
819,820,Giustina,Huckabe,ghuckabemr@angelfire.com,Female,34.86.8.191,Uherský Ostroh
820,821,Nannie,Harrismith,nharrismithms@naver.com,Female,8.50.169.30,Bayside
826,827,Gracie,Dorsett,gdorsettmy@unesco.org,Female,227.246.209.86,Castanhal
829,830,Carrie,Goding,cgodingn1@businessweek.com,Female,248.231.113.207,Banjarejo
830,831,Sonya,Clifft,sclifftn2@businesswire.com,Female,139.46.233.62,Saynshand
832,833,Melly,Furphy,mfurphyn4@irs.gov,Female,213.13.119.195,Sinfra
834,835,Nerta,Patrick,npatrickn6@deliciousdays.com,Female,10.180.177.120,Lom Kao
835,836,Kissee,Busby,kbusbyn7@fastcompany.com,Female,59.201.190.0,Malhiao
836,837,Ellene,Rosenstein,erosensteinn8@geocities.com,Female,134.211.107.212,Baumata
837,838,Jessamine,St. Paul,jstpauln9@blogspot.com,Female,62.149.106.75,Manadas
839,840,Anitra,Kopf,akopfnb@prlog.org,Female,6.15.186.20,San Agustin
841,842,Giustina,Dumblton,gdumbltonnd@opensource.org,Female,213.95.197.156,Honglong
842,843,Amye,Siely,asielyne@imdb.com,Female,184.41.70.19,Tvøroyri
846,847,Babara,Konke,bkonkeni@slate.com,Female,9.101.60.54,Thành Phố Lạng Sơn
847,848,Ethelind,Gloster,eglosternj@webmd.com,Female,248.208.128.128,Staromyshastovskaya
848,849,Betteann,Tsarovic,btsarovicnk@cnbc.com,Female,102.184.254.222,Pukou
850,851,Sibelle,Godfray,sgodfraynm@google.com.au,Female,178.39.99.237,Hato Mayor del Rey
853,854,Christin,Worters,cwortersnp@lulu.com,Female,241.196.206.241,Erping
854,855,Gayel,Goodluck,ggoodlucknq@epa.gov,Female,1.22.117.81,Boulder
855,856,Lilli,Skinner,lskinnernr@cnet.com,Female,244.134.85.29,Zhongfang
858,859,Leilah,St. Leger,lstlegernu@ezinearticles.com,Female,149.25.26.223,Pôrto Barra do Ivinheima
860,861,Winnah,Sprowell,wsprowellnw@wikimedia.org,Female,109.41.167.45,Hägersten
862,863,Katrina,Hexam,khexamny@nbcnews.com,Female,34.6.42.148,Bonneuil-sur-Marne
864,865,Lanette,Trainor,ltrainoro0@gmpg.org,Female,220.45.69.117,Santa Catalina
865,866,Marcia,Custy,mcustyo1@vkontakte.ru,Female,113.87.78.219,Sungai
870,871,Hanni,MacInherney,hmacinherneyo6@yolasite.com,Female,190.148.145.104,Solna
872,873,Mariann,Matyugin,mmatyugino8@so-net.ne.jp,Female,47.135.43.114,Duyanggang
874,875,Raynell,Tollerfield,rtollerfieldoa@ning.com,Female,236.216.146.71,Mombasa
875,876,Annie,Woolford,awoolfordob@yellowbook.com,Female,213.48.2.195,San José de Feliciano
877,878,Martynne,Valerio,mvaleriood@biblegateway.com,Female,213.92.103.233,Calle Blancos
879,880,Regina,Pemble,rpembleof@state.gov,Female,110.141.126.66,El Limon
880,881,Aggi,Wase,awaseog@java.com,Female,225.252.144.190,Saint-Laurent-du-Var
887,888,Robinetta,Normabell,rnormabellon@seattletimes.com,Female,50.139.21.226,Zhentian
890,891,Rozele,Moncarr,rmoncarroq@mayoclinic.com,Female,184.84.91.86,Puro
891,892,Lorine,Warrillow,lwarrillowor@geocities.jp,Female,28.247.227.190,Rosario de Mora
892,893,Minta,Counihan,mcounihanos@rambler.ru,Female,189.84.194.204,Pingdingshan
893,894,Janel,Atkirk,jatkirkot@tinyurl.com,Female,90.253.191.9,Pojok
894,895,Adelice,Huckerbe,ahuckerbeou@go.com,Female,28.88.58.224,Lisui
895,896,Wendy,Meynell,wmeynellov@joomla.org,Female,239.174.47.190,Bacacay
897,898,Antonia,Tarbet,atarbetox@pbs.org,Female,9.147.222.67,Conchucos
899,900,Lizzy,Spittles,lspittlesoz@deviantart.com,Female,121.26.88.99,Aleshtar
900,901,Bryana,Champ,bchampp0@sitemeter.com,Female,67.3.190.175,Cañas
904,905,Delores,Fenwick,dfenwickp4@economist.com,Female,92.122.47.32,Willowdale
905,906,Clarisse,Tilmouth,ctilmouthp5@jimdo.com,Female,36.142.119.155,Santo Domingo
908,909,Orly,Feirn,ofeirnp8@aol.com,Female,195.14.219.176,La Unión
909,910,Gabriell,Winsborrow,gwinsborrowp9@theguardian.com,Female,219.46.54.149,Zhulebino
910,911,Noreen,Glidder,nglidderpa@oracle.com,Female,156.6.62.215,Bestovje
911,912,Dorelle,Thwaites,dthwaitespb@ning.com,Female,213.221.81.3,Lākshām
912,913,Ted,Tatersale,ttatersalepc@cam.ac.uk,Female,74.37.252.220,Mangai
913,914,Delinda,Kiebes,dkiebespd@blog.com,Female,141.78.98.191,Agdangan
914,915,Desirae,Clemmey,dclemmeype@linkedin.com,Female,169.207.99.224,Öndörhoshuu
915,916,Carly,Suston,csustonpf@blogger.com,Female,203.229.183.134,Gia Nghĩa
917,918,Terrijo,Hemeret,themeretph@issuu.com,Female,229.138.7.102,Ueda
920,921,Jolie,Brightie,jbrightiepk@desdev.cn,Female,1.191.102.176,Bodega
923,924,Darryl,Bletsor,dbletsorpn@weather.com,Female,163.74.93.186,Chandler
924,925,Loise,Shortt,lshorttpo@joomla.org,Female,80.184.52.165,Iitti
928,929,Lorilyn,Panner,lpannerps@phoca.cz,Female,208.191.191.56,Wenwucao
929,930,Felipa,McKaile,fmckailept@webs.com,Female,180.173.193.151,Maciejowice
930,931,Tiffanie,Ravel,travelpu@webmd.com,Female,253.132.174.99,Kamen
932,933,Addy,Bleesing,ableesingpw@uiuc.edu,Female,163.93.53.132,Lahad Datu
934,935,Dianne,Esposita,despositapy@tuttocitta.it,Female,185.95.191.231,Timiryazevskoye
936,937,Kaitlyn,Inge,kingeq0@w3.org,Female,108.54.75.241,Pashiya
938,939,Aarika,Eeles,aeelesq2@example.com,Female,15.196.17.238,Dawuhanmangli
939,940,Aurora,Stockdale,astockdaleq3@blogger.com,Female,176.117.120.141,Banzão
940,941,Catherina,Toner,ctonerq4@clickbank.net,Female,44.181.238.45,Nguigmi
942,943,Kass,O' Concannon,koconcannonq6@pen.io,Female,69.201.225.40,Arīḩā
943,944,Carolina,Daddow,cdaddowq7@flickr.com,Female,11.173.186.246,Quilmaná
946,947,Angie,Spyby,aspybyqa@twitpic.com,Female,148.42.190.129,Baku
949,950,Jacqueline,Yglesia,jyglesiaqd@devhub.com,Female,157.218.152.72,Älvsbyn
951,952,Shena,Townshend,stownshendqf@livejournal.com,Female,53.15.203.106,Yong’an
952,953,Kelli,Nunn,knunnqg@yellowbook.com,Female,6.243.78.148,St. Catharines
953,954,Minda,Treves,mtrevesqh@cyberchimps.com,Female,179.198.30.20,Kurzętnik
958,959,Catherin,Winger,cwingerqm@infoseek.co.jp,Female,81.207.80.151,Huangduobu
959,960,Sioux,Smillie,ssmillieqn@so-net.ne.jp,Female,106.42.217.238,Nomhon
962,963,Darcie,Hubeaux,dhubeauxqq@twitpic.com,Female,252.254.215.180,Loureiro
963,964,Ellyn,Zwicker,ezwickerqr@ucla.edu,Female,34.181.10.155,Toguchin
966,967,Rosemonde,Ilyukhov,rilyukhovqu@jigsy.com,Female,32.4.241.83,Namangan Shahri
968,969,Crista,Portinari,cportinariqw@parallels.com,Female,84.136.203.101,Sepanjang
970,971,Rici,Jocic,rjocicqy@odnoklassniki.ru,Female,146.91.187.253,Dřevohostice
972,973,Danyelle,Aslet,dasletr0@t.co,Female,220.234.69.142,Gjinoc
974,975,Genevra,Berkery,gberkeryr2@last.fm,Female,108.162.138.106,Oum Hadjer
977,978,Kerri,Polson,kpolsonr5@chron.com,Female,10.16.140.78,Öldziyt
979,980,Terese,Thoumasson,tthoumassonr7@bloglines.com,Female,1.187.193.193,Nōgata
983,984,Patrizia,Drew-Clifton,pdrewcliftonrb@nsw.gov.au,Female,109.103.70.24,Guariba
989,990,Gerrie,Nilles,gnillesrh@usgs.gov,Female,157.132.4.185,Sherwood Park
991,992,Bernelle,Sheavills,bsheavillsrj@biblegateway.com,Female,149.217.194.24,Thanatpin
992,993,Alvera,Marvelley,amarvelleyrk@miibeian.gov.cn,Female,8.87.243.103,Kleszczewo
997,998,Willyt,Vannuccini,wvannuccinirp@tuttocitta.it,Female,156.149.18.155,Xiaopingba
